# 발행 기록 — 시각(KST)	검색어	제목. auto_post.py 가 중복을 피하려고 읽는다.
2026-09-02T22:34:47+09:00	lck	오늘 뜨는 검색어 LCK 플레이오프와 주요 경기 결과
2026-09-02T22:49:09+09:00	치안감	경찰청 한밤 대폭 물갈이 인사 단행, 치안감 주요 보직 개편
2026-09-02T23:24:55+09:00	보물	덴마크 마당의 은 보물과 임실 진구사지 철불의 보물 승격 소식
2026-09-03T04:22:16+09:00	vfl 오스나브뤼크 대 바이에른	바이에른 뮌헨, DFB 포칼 1라운드 오스나브뤼크전 돌입
2026-09-03T07:32:52+09:00	김하성	김하성 시즌 첫 3안타 폭발과 무릎 꿇은 호수비로 현지 찬사 받아
2026-09-03T12:05:40+09:00	금융투자협회	증시 결제 주기 T+1 전환 논의와 금투업계 준비 과제
2026-09-03T16:02:14+09:00	권은비	가수 권은비의 컴백 행보와 새로운 활동 방향
2026-09-03T17:54:52+09:00	히샬리송	히샬리송, 무슨 일이 있었나
2026-09-04T01:21:26+09:00	저작권	한국저작권위원회, '슬기로운 저작권 생활' 교육 콘텐츠 순차 공개
2026-09-04T07:30:26+09:00	기아	기아 1~8월 내수 RV 쏠림 지속과 쏘렌토 중심 판매 흐름
2026-09-04T13:22:01+09:00	교통 사고	교통사고 후 아내로 운전자 바꿔치기 시도한 현직 경찰 간부 검찰 송치
2026-09-04T21:41:26+09:00	리사	리사 다큐멘터리 개봉 소식과 K팝 스타로서 털어놓은 고백
2026-09-05T03:59:25+09:00	의료	울주병원 정식 개원…울주군 남부권 7년 의료 공백 해소
2026-09-05T07:19:31+09:00	중앙일보 오늘의 운세	주요 일간지 및 방송사의 2026년 9월 오늘의 운세 구성 안내
2026-09-05T13:16:34+09:00	종합 부동산 세	종합부동산세 부담 호소와 당정 정책 조율 지연
2026-09-05T20:48:34+09:00	김시아	류승룡의 무명 시절 비데 공장 일화와 예능 출연 이야기
2026-09-06T00:05:21+09:00	athletic vs atlético madrid	아틀레틱 클루브 대 아틀레티코 마드리드 선발 명단 발표
2026-09-06T03:12:04+09:00	석유	미군, 미사일 대응 이란 유조선 3척 타격…하르그섬 긴장 고조
2026-09-06T07:02:25+09:00	아들	계곡서 아들 구하려던 아버지와 시민 숨져…곳곳 수난 사고 발생
2026-09-06T13:27:02+09:00	장애인	부산시 추석 연휴 장애인 이동 지원 두리발 고향방문 운영
2026-09-06T21:07:08+09:00	배치표	2027학년도 9월 모평 가채점 배치표 발표와 고3 현장
2026-09-07T00:25:09+09:00	목동	재건축 속도 내는 목동, 26억 원대 신고가 거래와 정비사업 수주 경쟁
2026-09-07T03:14:05+09:00	라민 야말	19세 라민 야말 바르셀로나 5주장 선임과 주장단 구성
2026-09-07T07:09:59+09:00	넷플릭스	넷플릭스 아성 위협하는 중국 OTT의 해외 진출과 국내 플랫폼의 속전속결 수급전
2026-09-07T13:29:27+09:00	병사	전역 병사가 제기한 군기교육 처분 취소 소송 각하 판결
2026-09-07T23:14:24+09:00	화산	인도네시아 아낙크라카타우 화산 폭발로 공항 마비 및 대규모 결항 발생
2026-09-08T04:59:47+09:00	피의자	파주 카페 냉동창고 실종 여성 발견 사건과 피의자 검거
2026-09-08T07:49:23+09:00	교사	학교 경제교육의 한계와 기업가정신에 대한 교사들의 인식 실태
2026-09-08T13:26:46+09:00	티빙 보상신청	티빙 개인정보 유출 보상 신청 시작과 탈퇴 회원 대상 안내
2026-09-08T21:50:25+09:00	재벌	정권 교체와 규제 환경 변화에 해외 투자 늘리는 40조 규모 재벌가
2026-09-09T04:28:27+09:00	레알 마드리드 대 인테르	레알 마드리드 무리뉴 감독 13년 만의 복귀와 챔스 역전승
2026-09-09T07:34:50+09:00	코레일 추석예매	2026 추석 기차표 통합 코레일+ 앱 예매 및 예약대기 안내
2026-09-09T13:31:03+09:00	진중권	진중권, 국민의힘 의원 대응력 비판과 한동훈 평가
2026-09-09T21:57:07+09:00	예비역	육군, 예비역 병장 239명 '예비역 하사' 임용 및 전시 간부 자원 확충
2026-09-10T04:19:58+09:00	첼시 대 리즈 유나이티드	첼시 대 리즈 유나이티드 EFL컵 경기와 왓슨 데뷔 소식
2026-09-10T07:31:17+09:00	알테오젠	알테오젠 목표주가 하향과 노바티스 임상 3상 실패 소식
2026-09-10T13:30:13+09:00	단체교섭	현대차 성과급 논란과 노란봉투법으로 본 단체교섭의 주요 쟁점
2026-09-10T21:53:44+09:00	강선영	강선영 의원 국방 지적과 국무총리의 애국심 해명 주요 내용
2026-09-11T04:06:42+09:00	skt	SKT 정재헌 대표 글로벌 행사 참석 및 AI 성장 전략 논의
2026-09-11T07:30:03+09:00	폴더블 스마트폰	애플의 폴더블 스마트폰 시장 진출과 국내 출고가 차이 분석
